"x","y","elevasi"
438726.346217921,9546298.87594659,52.7123756408691
469609.987648505,9565984.86252958,48.2307090759277
469809.344128961,9564115.93975272,45.7488784790039
435295.753450081,9555527.20130258,61.5220985412598
469859.183249075,9559829.8768511,36.6656913757324
443843.162549616,9549538.34209316,59.1551551818848
439980.630740788,9529387.20139681,80.1265106201172
470498.785290536,9537037.32529678,82.3914337158203
419446.913253859,9522127.47469912,115.917991638184
441550.563024376,9562537.7382967,46.0859870910644
465165.999438348,9530599.92462091,80.4474639892578
451767.582647727,9533772.94017986,57.7190780639648
465946.812320133,9549646.32429804,44.8079833984375
453570.097491846,9570968.65660123,35.7741889953613
435453.577330441,9539720.26777202,78.6387481689453
462375.00871197,9589666.19069334,22.6498794555664
466902.062122316,9572131.54188461,28.269962310791
444623.9754314,9567754.10942502,53.7658386230469
447115.931437095,9556224.93247261,53.3881645202637
440329.504581585,9531455.47593654,71.9909896850586
434490.021008239,9530799.27638378,76.1269836425781
456477.379498491,9571242.76527517,35.3293380737305
446858.429316507,9555900.98585796,42.5773239135742
452565.008569549,9542203.85848439,74.7615585327148
427246.735551685,9545028.00845832,77.7470474243164
479694.102951552,9554189.88322669,48.0189743041992
465788.988439772,9536214.99927496,83.417724609375
428550.859194665,9528930.35360691,91.4119110107422
415094.296763911,9529835.74286326,91.6592254638672
472093.637134181,9586900.18498358,34.6717910766602
429788.530677494,9549530.0357697,64.318244934082
433136.058245145,9537303.12764727,76.955322265625
475341.486461604,9582223.72487969,28.6293621063232
443029.123587755,9546813.86800066,53.0855407714844
441533.949984338,9557080.48378825,51.8870315551758
432571.214883854,9535342.83531243,96.2619018554688
450330.554684442,9556166.78820845,41.5636444091797
453736.227892226,9574224.7353947,33.394229888916
461145.64374916,9568833.93147387,59.9650039672852
457889.487901718,9540359.85467788,51.9953994750977
426009.064068856,9540908.07202576,75.1944274902344
418209.24177103,9507375.44424705,116.94847869873
427163.670351495,9519137.19825613,87.2798309326172
472359.445774789,9579756.74681422,42.3344917297363
429805.143717532,9522335.13278544,78.9644088745117
476728.675304775,9581384.78621096,39.3520545959473
450380.393804556,9550485.26296677,45.8086395263672
428517.633114589,9528373.82993558,83.3771057128906
417278.911528904,9514161.71050794,100.671440124512
427578.996352444,9554696.56895731,45.8672332763672
446044.390354646,9559904.63376218,43.3444366455078
464866.964717665,9575462.37758916,33.1190605163574
427761.739792862,9527202.63832874,81.7882614135742
470656.609170897,9540924.68467266,53.795825958252
473580.504217579,9569880.52822892,36.8783760070801
438593.441897618,9527883.75685186,75.9258575439453
432180.808442962,9548242.55563453,54.4142112731934
453786.06701234,9545451.63095441,55.8955726623535
482136.219837133,9553425.70146904,36.068977355957
461054.272028951,9556947.582613,65.8507919311523
438311.020216972,9552370.79839054,53.896671295166
466877.142562259,9586966.6355712,24.6395397186279
472276.380574599,9542851.7517137,63.5304679870606
435918.742451504,9533307.7860665,87.8737106323242
467441.98592355,9580064.08078198,24.8412208557129
481812.265556393,9586941.71660085,16.1954326629639
452382.265129131,9556482.42849965,41.2817306518555
442472.586746483,9538781.65322186,72.5033569335938
484869.064923379,9554688.26263386,34.090950012207
472209.928414447,9584782.07250313,36.2689361572266
449632.807002848,9535633.55663327,63.1520843505859
440105.228541073,9533797.85915022,61.4697570800781
468463.687885885,9579864.72901911,26.4504814147949
416365.194326815,9525067.91320139,109.673118591309
431192.332560702,9548151.18607655,57.567253112793
446384.957675425,9529927.11242124,65.2271194458008
423990.579704243,9509211.14173011,196.206207275391
424048.725344376,9530691.29417889,101.760757446289
419338.928493612,9507915.35527148,109.928466796875
424879.377346274,9506777.38895845,262.447723388672
423342.671142762,9517168.59959783,86.093017578125
430585.956599317,9534595.26620168,85.7284088134766
452498.556409397,9541281.85658113,56.9651870727539
445629.064353697,9565079.47327323,41.0320816040039
473871.232418244,9559148.75832798,35.7388877868652
450671.122005221,9569656.25749569,40.8906669616699
459932.891826388,9584466.43221193,25.4940757751465
432297.099723227,9535276.3847248,82.328369140625
452872.349810252,9556291.38306024,46.9936065673828
444623.9754314,9526056.36569226,68.8992385864258
473181.791256668,9554729.79425112,35.7850112915039
466910.368642335,9563085.95564458,64.8545532226562
446999.64015683,9532967.22680494,63.3881340026855
434290.664527784,9548242.55563453,53.2873954772949
467018.353402582,9568659.49868137,39.7205848693848
444873.17103197,9537909.48925932,96.1569747924805
467948.683644708,9584059.42236274,36.0255355834961
426474.229189919,9527393.68376815,88.3654403686523
435005.025249416,9557014.03320062,38.4862976074219
457017.303299725,9551689.67986742,52.5430068969727
478340.140188458,9562022.74624262,32.0727882385254
482368.802397665,9552520.31221269,40.8700790405273
472600.334855339,9589259.18084416,39.6505241394043
414205.499121879,9518663.73781933,150.215103149414
458379.572582838,9538997.61763163,53.2653656005859
429879.902397703,9517384.5640076,114.338905334473
428210.291873887,9520624.03015417,85.516845703125
433925.177646948,9545825.41550978,56.3804664611816
424522.196985458,9520034.28118903,93.6295928955078
412386.371237722,9516927.7162177,147.907989501953
437721.257295624,9537294.82132382,74.9570007324219
442115.406385667,9561366.54668986,43.3331832885742
460157.167866901,9574806.17803639,32.7423324584961
428617.311354817,9522384.97072615,84.087028503418
461153.950269179,9562022.74624262,48.2428741455078
438477.150617352,9533598.50738735,67.8662567138672
420352.323935928,9515083.71241119,90.1858825683594
469460.470288163,9572239.5240895,40.4858436584473
423483.881983085,9513580.26786625,127.225715637207
425685.109788116,9507076.41660275,253.273223876953
472525.576175169,9562678.94579539,53.0104751586914
444358.166790793,9547453.45490652,53.7529754638672
471520.487252871,9558675.29789117,36.9748039245606
458587.235583313,9548649.56548372,56.3313903808594
471811.215453536,9589549.90216501,22.6581764221191
435212.688249891,9541888.21819318,72.6663970947266
475798.345062648,9567870.39795336,39.1526298522949
447738.920438519,9530807.58270723,62.9541664123535
471238.065572226,9543765.4472935,64.9694213867188
424804.618666103,9545725.73962835,66.5701141357422
473705.102017864,9580570.7665126,35.6146507263184
422254.517020275,9534387.60811536,98.6839447021485
442970.977947622,9541049.27952446,63.4017105102539
441417.658704072,9553666.58484917,48.6664962768555
450770.800245448,9533249.64180234,60.6459846496582
452423.797729226,9575819.54949762,33.7389602661133
478572.722748989,9554123.43263907,50.3088684082031
465473.340679051,9561682.18698106,58.9764175415039
475640.521182288,9556042.19335665,34.2753448486328
413491.138400247,9514626.86462129,101.013259887695
434996.718729397,9524536.30850041,88.1477737426758
473646.956377731,9586941.71660085,37.5109367370606
455322.773215852,9567953.46118788,39.0275268554688
472525.576175169,9587946.78173863,24.3495655059814
459899.665746312,9547843.8521088,52.7839431762695
435054.86436953,9557163.54702277,37.6776466369629
461452.984989862,9578369.59079762,30.5895843505859
462865.09339309,9588445.16114579,28.6184101104736
451277.497966606,9549571.56738697,59.2023773193359
469701.359368714,9575113.51200414,28.7110786437988
429356.591636507,9541954.66878081,76.3138122558594
417744.076649967,9515100.3250581,99.8921127319336
433642.755966303,9535276.3847248,103.741539001465
464194.136596127,9547237.49049675,47.0824813842773
454816.075494694,9570212.78116703,33.6801872253418
453462.112731599,9548151.18607655,65.8116455078125
420161.273975491,9505680.95426269,124.320686340332
431906.693282335,9543624.23979481,69.5689926147461
476188.751503541,9576525.58699111,32.1513671875
457897.794421737,9592050.10552428,15.3121299743652
469144.822527442,9550319.13649772,41.103572845459
470424.026610366,9547287.32843747,54.2646942138672
473231.630376782,9571309.21586279,34.6644554138184
423450.655903009,9505249.02544315,138.349472045898
421764.432339155,9508330.67144411,121.636131286621
454392.442973726,9566142.68267518,37.656795501709
453536.87141177,9542037.73201533,54.8602638244629
455962.375257314,9566358.64708496,40.6713638305664
457847.955301623,9544479.79111044,49.258716583252
464310.427876393,9531646.52137596,80.7640075683594
464866.964717665,9563210.55049637,47.3749046325684
424198.242704718,9522833.5121926,90.7774200439453
453071.706290707,9548799.07930586,66.0826110839844
427346.413791913,9547619.58137557,68.6819000244141
448253.924679696,9554272.94646122,57.9344444274902
432305.406243246,9539354.7895401,74.5066833496094
475299.953861509,9585504.72264352,36.5966911315918
472965.821736175,9577580.49006961,29.3176326751709
478946.516149843,9576209.94669991,20.918773651123
473921.071538358,9592274.3762575,28.0092468261719
433576.303806151,9556972.50158336,54.1419944763184
457008.996779706,9562720.47741266,40.0684585571289
469385.711607992,9554763.01954493,38.7498435974121
461826.778390717,9576218.25302336,31.6163673400879
440844.508822762,9526106.20363298,73.7906265258789
464459.945236735,9534977.35708051,78.986686706543
438086.744176459,9553367.55720487,55.991081237793
447838.598678747,9556831.29408466,42.0184631347656
446185.601194969,9558010.79201495,50.2456245422363
444632.281951419,9558392.88289378,44.8560791015625
452216.134728752,9563127.48726184,38.8491439819336
448910.139761196,9561864.92609702,45.4034805297852
433983.323287081,9551315.89531204,76.1952590942383
428750.215675121,9543117.55406419,75.3528442382812
444790.10583178,9526729.17789193,67.550048828125
421457.091098453,9522899.96278022,113.264083862305
476687.14270468,9584250.46780216,24.0019950866699
465157.692918329,9560178.74243612,47.0328483581543
436973.670493916,9525234.03967044,97.8175582885742
456211.570857883,9555111.88512995,60.255199432373
470739.674371087,9592257.7636106,26.6529693603516
475848.184182762,9545734.0459518,55.4148101806641
428002.628873412,9528149.55920235,86.5488052368164
462225.491351628,9542203.85848439,48.5509834289551
483589.860840456,9557122.01540551,46.0278587341309
465357.049398785,9560045.84126087,43.9931716918945
413117.344999392,9515723.29931705,110.095108032227
481496.617795672,9587273.96953896,14.5983219146729
457922.713981794,9532751.26239517,53.8576736450195
457507.387980845,9590571.57994969,19.2678031921387
422287.743100351,9517376.25768415,83.9925765991211
427994.322353393,9534296.23855738,94.1418151855469
461328.387189578,9559863.10214491,70.5466613769531
445521.07959345,9564855.20254001,40.8308982849121
472309.606654675,9542087.56995605,64.6495208740234
471055.322131808,9571475.34233184,43.760669708252
449151.028841747,9549754.30650293,59.1403274536133
444532.603711191,9564772.13930549,40.8490600585938
462001.215311115,9554621.81204624,55.9669723510742
426548.98787009,9546041.37991956,74.8627471923828
445645.677393735,9548898.7551873,58.5769386291504
477326.744746141,9579897.95431292,33.7954025268555
418001.578770555,9514194.93580175,112.375968933105
436167.938052074,9523597.69395025,71.8364028930664
423633.399343427,9506794.00160536,185.290466308594
445346.642673052,9535683.39457399,66.161262512207
479170.792190356,9563667.39828627,35.3846778869629
467250.935963113,9529702.84168802,45.263427734375
456502.299058548,9554256.33381432,67.1047897338867
420186.193535548,9516205.06607731,94.9273529052734
463853.569275349,9584275.38677252,28.0985641479492
474444.382299554,9545609.45110001,49.7208366394043
464933.416877817,9593337.58565946,23.6171855926514
473489.132497371,9560228.58037684,35.3440742492676
452182.908648676,9564240.53460451,38.3501892089844
474286.558419193,9542519.49877559,50.8720397949219
470033.620169473,9570221.08749048,54.660270690918
474726.803980199,9564697.38239441,41.2185859680176
450089.665603892,9564539.56224881,33.9514045715332
469726.278928771,9574440.69980447,32.755054473877
438958.928778453,9536705.07235868,91.7461013793945
461270.241549445,9583743.78207154,27.9221858978271
466096.329680475,9545792.19021597,45.1513519287109
485068.421403835,9556067.11232701,37.1410217285156
424098.56446449,9535550.49339874,77.9051055908203
424680.020865819,9523248.82836523,87.4139633178711
469252.807287689,9546489.921386,41.3275718688965
476878.192665116,9563227.16314327,43.4712600708008
472292.993614637,9544263.82670067,48.6681365966797
427213.509471609,9513206.48331087,113.872566223145
458487.557343085,9533282.86709614,52.1845359802246
437604.966015358,9534670.02311275,71.527702331543
474278.251899174,9568335.55206671,31.6410999298096
448087.794279317,9531904.01740299,63.336612701416
443893.00166973,9544064.4749378,57.3771018981934
473605.423777636,9580861.48783344,33.0682067871094
464725.753877342,9539404.62748082,77.367073059082
428293.357074077,9545584.53212965,72.2183227539062
475117.210421092,9549156.25121433,63.9196090698242
490733.468056782,9561715.41227487,30.2956161499023
443851.469069635,9568493.37221231,50.0889015197754
426432.696589824,9543557.78920718,71.3312301635742
411738.462676241,9512591.81537537,106.121528625488
434199.292807575,9535409.28590005,100.017120361328
488598.692411903,9561059.21272211,38.7507171630859
419887.158814865,9511188.04671186,128.031997680664
462790.334712919,9544106.00655507,46.7786026000977
474552.367059801,9589774.17289823,33.3923492431641
429240.300356241,9540210.34085573,82.3723526000976
418292.30697122,9522509.56557794,117.02848815918
430320.147958709,9537768.28176062,107.236770629883
455314.466695833,9568053.13706931,42.1124496459961
449192.561441842,9531596.68343524,64.0647888183594
462790.334712919,9539396.32115736,55.3711853027344
443103.882267926,9562770.31535337,41.668212890625
405849.139982781,9512508.75214084,154.426986694336
422620.003901111,9521928.12293625,104.378875732422
431815.321562126,9550842.43487524,64.3752822875977
435544.94905065,9543366.74376777,61.4578018188477
446717.218476184,9552761.19559282,58.0819625854492
416813.74640784,9524054.54174015,131.837310791016
456228.183897921,9558193.53113091,59.7183570861816
487469.005689321,9563476.35284686,32.9002838134766
481463.391715596,9561408.07830712,31.5663013458252
409927.641312102,9515399.3527024,148.3212890625
426706.811750451,9531746.19725739,113.298538208008
477218.759985895,9590405.45348064,39.7507934570312
470664.915690916,9573643.29275301,35.7895202636719
466345.525281044,9585986.48940378,24.8393974304199
459617.244065667,9556897.74467229,72.7143630981445
417411.815849207,9521438.04985254,130.286926269531
474444.382299554,9571691.30674162,34.7216567993164
464941.723397836,9573269.50819764,30.9760208129883
437912.307256061,9557661.92642994,44.9162673950195
462109.200071362,9567629.51457322,54.6726417541504
473763.247657997,9558907.87494785,41.2600631713867
434207.599327594,9525001.46261376,80.7144622802734
466063.103600399,9580404.64004354,25.6511821746826
459052.400704376,9531638.2150525,65.9288482666016
453146.464970878,9557720.07069411,40.7813720703125
430311.84143869,9522767.06160498,79.0900497436523
412004.271316849,9517002.47312878,151.349533081055
476097.379783332,9585795.44396437,30.4465637207031
473323.002096991,9535940.89060102,68.2932586669922
434722.603568771,9528382.13625903,79.6119918823242
484636.482362848,9561848.31345012,36.8584251403809
454874.221134827,9561665.57433416,48.6225776672363
471777.98937346,9538166.98528636,82.0963668823242
474012.443258567,9574075.22157255,38.058910369873
428683.763514969,9540235.25982609,72.5734329223633
429273.526436317,9556141.86923809,68.1875381469727
465996.651440247,9567446.77545726,54.4614906311035
438419.004977219,9543607.6271479,58.7734107971191
452282.586888904,9533224.72283198,60.5058822631836
456286.329538054,9582215.41855624,29.5340728759766
453337.514931315,9538399.56234303,54.1390533447266
465855.440599924,9595123.4452018,23.4003067016602
457989.166141946,9576542.19963802,32.7559242248535
462084.280511305,9581692.12017871,29.0166473388672
453221.223651049,9561092.43801592,50.3567047119141
421598.301938776,9527343.84582744,99.6187057495117
464028.006195748,9562886.60388171,53.7037506103516
468073.281444993,9556075.41865046,37.5482368469238
475856.490702781,9558276.59436544,35.6911201477051
470540.317890631,9574324.41127613,34.752742767334
421349.106338206,9532834.3256297,105.357109069824
436724.474893346,9536671.84706486,81.4144287109375
452365.652089094,9558891.26230095,35.0795974731445
461087.498109027,9541431.37040328,50.9139785766602
470457.252690441,9579266.67373051,28.3421154022217
441600.40214449,9530982.01549974,75.8143844604492
458238.361742515,9556415.97791203,64.8303756713867
414579.292522734,9514277.99903628,94.5280151367188
476878.192665116,9556964.19525991,31.7853546142578
442090.48682561,9553226.34970618,47.9188194274902
485076.727923854,9555635.18350747,25.3813209533691
425111.959906806,9515615.31711217,103.289421081543
410907.810674343,9516022.32696135,141.669036865234
439681.596020104,9541705.47907722,59.2523498535156
415908.335725771,9530516.86138638,78.9291076660156
448710.78328074,9561266.87080843,42.3474426269531
436483.585812795,9554306.17175503,69.2190093994141
462150.732671457,9559912.94008563,70.1003799438477
464576.236517,9535542.18707529,84.5326385498047
470963.950411599,9575595.2787644,37.5307922363281
477384.890386274,9578652.00579501,34.9563407897949
474045.669338643,9585562.86690769,42.7993850708008
434473.407968201,9540459.53055931,64.8786849975586
462258.717431704,9576708.32610707,34.2380638122559
410426.032513242,9511985.45376332,109.155784606934
460904.754668609,9537286.51500037,57.7389869689941
476687.14270468,9554497.21719445,43.7889785766602
435860.596811372,9559339.80376739,44.2568740844727
448760.622400854,9529960.33771505,63.0946273803711
433742.434206531,9525117.7511421,80.2187042236328
451269.191446588,9564024.57019474,39.2062110900879
452207.828208733,9577854.59874355,31.6199283599854
469684.746328676,9545634.37007037,53.0585556030273
426366.244429672,9536439.27000819,74.0503463745117
452830.817210157,9558666.99156772,39.9552001953125
440279.665461471,9558376.27024687,47.5320854187012
472683.400055529,9536107.01707008,72.2340087890625
478165.703268059,9563002.89241005,34.612735748291
425560.511987831,9530699.60050235,98.9272613525391
455904.229617181,9560627.28390257,63.1446380615234
460057.489626673,9535874.4400134,50.6675148010254
451244.271886531,9539903.00688798,58.0834922790527
449632.807002848,9561981.21462536,47.0918350219727
442397.828066312,9562728.78373611,47.4225578308106
416539.631247214,9520009.36221867,130.996429443359
460564.187347831,9532842.63195315,58.5394020080566
454915.753734922,9553159.89911855,55.522777557373
459924.585306369,9552337.57309673,47.195255279541
473464.212937314,9559580.68714752,36.731388092041
456759.801179136,9536032.260159,54.9034194946289
464543.010436924,9586227.37278391,24.866720199585
472874.450015966,9535675.08825054,64.9589233398438
456161.731737769,9549363.90930065,62.2786903381348
481322.180875273,9579931.17960673,31.322193145752
441093.704423332,9533856.00341438,68.4939117431641
472126.863214257,9564207.3093107,49.0822830200195
452481.943369359,9542411.51657071,71.5881118774414
439266.270019155,9531895.71107954,76.0845794677734
417121.087648543,9527177.71935838,103.341995239258
438892.476618301,9558085.54892603,45.3866348266602
440869.428382819,9551058.39928501,55.4696731567383
467325.694643284,9541497.82099091,69.6621551513672
470556.930930669,9563517.88446412,47.6680717468262
461851.697950774,9549114.71959707,46.3381080627441
452315.81296898,9575653.42302857,35.599536895752
439939.098140693,9541622.4158427,54.2843551635742
444150.503790318,9528174.47817271,69.1522216796875
437654.805135472,9546996.60711662,56.1070594787598
413399.766680038,9520989.50838609,128.473892211914
428733.602635083,9527784.08097043,81.796875
440512.248022003,9548250.86195798,55.0392913818359
464177.523556089,9556424.28423548,37.1786079406738
461070.885068989,9535982.42221829,64.2252502441406
444258.488550565,9539919.61953488,77.6009979248047
444657.201511476,9558118.77421984,45.7054672241211
435254.220849986,9540800.08982088,81.0284118652344
427404.559432046,9553757.95440715,47.502326965332
440694.99146242,9523514.63071572,68.4883346557617
416473.179087062,9508629.69908842,135.745849609375
465780.681919753,9570304.15072501,36.7454376220703
435835.677251315,9529079.86742906,72.4246063232422
425485.75330766,9534096.88679451,81.9906005859375
461760.326230565,9530475.32976912,81.3744506835938
474294.864939212,9567488.30707453,35.3206481933594
431723.949841917,9545858.64080359,64.2535781860352
477841.748987318,9588677.73820247,20.2751045227051
463355.17807421,9560079.06655469,50.2919425964355
419230.943733365,9518688.65678968,123.943862915039
466769.157802012,9586127.69690248,24.498119354248
459534.178865477,9592905.65683991,20.1801357269287
444167.116830356,9534096.88679451,70.1272506713867
448195.779039563,9562031.05256608,40.7304344177246
422171.451820085,9514859.44167797,88.61962890625
460256.846107129,9584200.62986144,26.5550975799561
465099.547278196,9547461.76122997,44.587947845459
417993.272250536,9528332.29831831,105.694435119629
474236.719299079,9561084.13169247,34.704231262207
419621.350174257,9531820.95416846,106.281608581543
453794.373532359,9556972.50158336,40.821117401123
447946.583438994,9536871.19882773,66.1424102783203
465157.692918329,9579648.76460934,26.237024307251
465930.199280095,9590862.30127054,26.1324825286865
455322.773215852,9568244.18250873,37.5962066650391
435046.557849511,9541580.88422543,79.0617141723633
477384.890386274,9565303.74400646,44.0162506103516
458462.637783028,9551058.39928501,46.5054588317871
417278.911528904,9513920.82712781,114.655609130859
435171.155649796,9546830.48064756,54.0871429443359
429514.415516868,9554646.73101659,49.6639251708984
454791.155934637,9569515.049997,37.0216026306152
451543.306607214,9570312.45704846,43.5939445495606
468405.542245752,9557819.74657554,38.2979469299316
428226.904913925,9516479.17475125,113.010818481445
476678.836184661,9549704.46856221,55.327709197998
481097.90483476,9584109.26030346,21.8659973144531
433285.575605486,9541406.45143293,58.348316192627
417935.126610403,9514452.43182878,108.48161315918
454774.542894599,9573394.10304943,36.0396461486816
448744.009360816,9569664.56381915,37.9251098632812
458537.396463199,9581334.94827025,30.3406677246094
422113.306179952,9528988.49787108,115.232437133789
454433.975573821,9555153.41674721,54.8828506469727
481297.261315216,9579607.23299208,24.7876205444336
463122.595513678,9577555.57109925,39.6888313293457
478605.948829065,9589392.08201941,24.9884071350098
481604.602555918,9556008.96806284,37.9413299560547
458512.476903142,9535218.24046063,53.6989402770996
457764.890101433,9562546.04462015,42.268669128418
438942.315738415,9552071.77074624,50.6432418823242
471146.693852017,9562878.29755826,52.4949493408203
443942.840789843,9556158.48188499,51.208179473877
482443.561077836,9587863.7185041,19.0208187103271
440346.117621623,9523672.45086133,69.1894989013672
427645.448512596,9515200.00093953,119.725448608398
458487.557343085,9586950.0229243,40.1040496826172
479710.71599159,9562222.09800549,31.2467365264893
458205.13566244,9595065.30093763,21.649450302124
478597.642309046,9580819.95621618,37.5134887695312
445529.386113469,9569166.18441198,41.7822952270508
481031.452674609,9562230.40432894,31.4834461212158
442414.44110635,9553375.86352832,49.4709014892578
423542.027623218,9508961.95202653,155.84455871582
420609.826056516,9511271.10994638,105.503341674805
418142.789610878,9521994.57352387,119.208557128906
424090.257944471,9503612.67972296,102.96590423584
462482.993472216,9586169.22851974,29.3816299438477
461635.72843028,9568518.29118267,55.1363792419434
465190.918998405,9575188.26891522,37.6584205627441
476296.736263787,9581044.2269494,40.8788146972656
415958.174845885,9528971.88522417,85.6774215698242
419762.56101458,9520399.75942095,110.992851257324
450754.187205411,9544762.20610783,65.2173385620117
444200.342910432,9556814.68143776,48.703742980957
481928.556836659,9562055.97153644,31.4062461853027
476761.90138485,9585039.56853017,27.9528656005859
470432.333130385,9592116.5561119,21.9562435150146
472824.610895852,9551315.89531204,44.9658317565918
417170.926768657,9528033.27067401,90.1153335571289
434647.8448886,9522974.7196913,84.7871780395508
470980.563451637,9552669.82603484,45.5226821899414
420908.8607772,9528747.61449095,129.008041381836
443843.162549616,9546041.37991956,54.5603332519531
417320.444128999,9529495.1836017,85.6185684204101
433518.158166018,9524785.49820399,82.1460266113281
439814.500340408,9534935.82546324,68.8770370483398
423841.062343901,9531422.25064273,113.57202911377
442306.456346103,9562811.84697064,36.7700119018555
467890.538004575,9535567.10604565,72.3351135253906
448727.396320778,9562554.3509436,43.4927520751953
427836.498473033,9514361.0622708,101.086975097656
426656.972630337,9540019.29541632,78.161750793457
428201.985353868,9534753.08634728,101.090744018555
442248.310705971,9532651.58651374,70.2959289550781
454625.025534257,9536057.17912936,56.7985191345215
466893.755602297,9544147.53817233,55.4300003051758
446144.068594874,9546024.76727265,66.1910400390625
440603.619742212,9524071.15438706,69.7354125976562
477542.714266635,9588561.44967413,27.8210105895996
430494.584879108,9536131.93604043,98.6318817138672
474502.527939687,9560120.59817195,34.4095573425293
476637.303584566,9556017.2743863,41.0253486633301
439631.75689999,9541539.35260817,61.6047058105469
431591.045521614,9526812.24112646,81.0402984619141
428675.45699495,9525915.15819357,85.6162567138672
441027.25226318,9561565.89845272,45.4172477722168
416838.665967898,9515739.91196396,90.2550811767578
462391.621752008,9581667.20120835,26.8477764129639
442372.908506255,9553766.26073061,51.3152732849121
463388.404154286,9589159.50496273,24.5070762634277
452980.334570498,9535525.57442839,59.0047264099121
426615.440030242,9510332.49539622,129.580276489258
461884.92403085,9552495.39324233,44.2277145385742
473032.273896327,9586974.94189466,46.2544937133789
456685.042498965,9586019.71469759,21.0714015960693
438718.039697902,9552894.09676807,53.9554138183594
418981.748132795,9514178.32315484,132.114898681641
418882.069892568,9522285.29484472,117.260360717773
427105.524711362,9548898.7551873,68.9344329833984
422204.677900161,9515839.58784539,93.5269546508789
464202.443116146,9531156.44829225,94.327880859375
435852.290291353,9534263.01326357,85.3221282958984
460854.915548495,9580005.93651781,38.358585357666
475499.310341965,9570777.61116182,39.5581245422363
425477.446787641,9506544.81190178,239.248779296875
431798.708522088,9542286.92171892,62.745719909668
468870.707366815,9558193.53113091,38.9044380187988
450014.906923721,9571051.71983575,42.1719245910644
473530.665097466,9543458.11332575,56.7938003540039
428667.150474931,9551066.70560846,71.3611068725586
480931.774434381,9587556.38453635,16.5907020568848
440213.213301319,9562670.63947194,42.4866752624512
454708.090734447,9536538.94588962,56.7815780639648
451501.774007119,9544928.33257689,75.8094482421875
441185.076143541,9556806.37511431,46.1616516113281
458412.798662914,9586028.02102104,40.330924987793
444698.734111571,9552362.49206709,45.3818626403809
483074.856599279,9588187.66511876,14.4088459014893
445936.4055944,9570744.385868,44.0134086608887
448253.924679696,9562587.57623741,41.7848701477051
478738.853149369,9551540.16604527,47.3995590209961
445529.386113469,9533482.21885901,70.6445999145508
455530.436216327,9554530.44248826,55.7646026611328
419995.143575112,9524287.11879683,108.386436462402
457673.518381224,9584765.45985623,37.3892936706543
460688.785148116,9563841.83107878,43.3610954284668
471138.387331998,9556083.72497392,37.3800506591797
447813.67911869,9548151.18607655,77.4234619140625
473439.293377257,9585238.92029303,44.283863067627
472558.802255244,9582223.72487969,41.3263282775879
418092.950490764,9510639.82936398,135.666839599609
413532.671000342,9509767.66540144,105.650650024414
457125.288059972,9555236.47998174,81.9729461669922
482468.480637893,9581916.39091194,19.364782333374
429481.189436792,9516720.05813138,96.7263412475586
480425.076713223,9547295.63476092,58.8447570800781
437530.207335187,9526695.95259812,92.0528945922852
472101.9436542,9544670.83654985,61.6866149902344
429231.993836222,9532967.22680494,87.164436340332
458022.392222022,9550186.23532247,46.5049324035644
422819.360381566,9515283.06417406,89.4983367919922
409296.34579066,9513347.69080957,118.634719848633
428750.215675121,9542627.48098048,76.9887008666992
430477.97183907,9551764.43677849,61.7632141113281
464675.914757228,9543109.24774074,49.9120864868164
471952.426293859,9587697.59203504,29.2759628295898
414147.353481746,9514734.84682618,100.366455078125
466760.851281993,9581492.76841585,26.4683532714844
469352.485527916,9590330.69656957,21.3685264587402
429306.752516393,9547710.95093356,61.9589729309082
458886.270303996,9590239.32701158,19.4033069610596
459509.25930542,9560510.99537423,59.1922340393066
482975.178359051,9581102.37121357,21.8443565368652
465066.32119812,9545285.50448536,43.3965187072754
487975.703410479,9557960.95407424,38.5169677734375
461735.406670508,9592050.10552428,29.822380065918
470282.815770043,9550950.41708012,42.0334053039551
464360.266996507,9558666.99156772,41.1281509399414
442256.61722599,9559206.90259215,46.6543617248535
462815.254272976,9585479.80367316,25.5952453613281
413765.253560873,9515349.51476168,100.831130981445
437546.820375225,9526421.84392418,91.5713424682617
455796.244856934,9559265.04685632,63.5513954162598
461336.693709597,9571824.20791686,39.6948318481445
469402.32464803,9569166.18441198,54.7199249267578
451127.980606265,9532203.04504729,60.3833465576172
451069.834966132,9561715.41227487,43.6756477355957
452598.234649625,9543773.75361696,61.949951171875
457565.533620978,9535376.06060624,55.3094100952148
444648.894991457,9552910.70941497,46.8392868041992
422046.854019801,9507466.81380503,132.070999145508
432529.682283759,9520972.89573918,82.7587738037109
441110.31746337,9538166.98528636,62.2071495056152
461428.065429805,9551988.70751172,41.97900390625
430428.132718956,9521728.77117339,87.474853515625
463662.519314912,9534611.87884858,85.6535873413086
430785.313079772,9527426.90906196,77.8216400146484
445662.290433773,9559522.54288335,39.7656707763672
429522.722036887,9522094.24940531,85.2879180908203
434490.021008239,9535949.19692448,93.3432006835938
461552.66323009,9577173.48022042,28.9262218475342
475507.616861984,9550734.45267035,65.0114212036133
468546.753086075,9539844.86262381,66.0893096923828
434240.82540767,9523315.27895286,103.749801635742
450147.811244025,9561192.11389735,42.107551574707
414878.327243417,9516886.18460044,163.621658325195
443610.579989084,9545933.39771467,56.174503326416
424979.055586502,9523788.73938966,82.4654922485352
448627.718080551,9557171.85334622,58.2108535766602
478689.014029255,9549380.52194756,51.1263580322266
417561.333209549,9516595.46327959,84.8522644042969
462100.893551343,9591817.5284676,24.8957252502441
457274.805420313,9571192.92733445,35.4455680847168
460854.915548495,9569656.25749569,50.9586563110352
418699.32645215,9517567.30312357,105.876777648926
423392.510262876,9509535.08834477,161.927658081055
477816.829427262,9556424.28423548,38.4172019958496
435262.527370005,9529337.36345609,71.517448425293
464825.43211757,9549521.72944625,49.7516021728516
477102.468705629,9546955.07549936,49.6306457519531
458097.150902193,9563360.06431852,42.0687637329102
431873.467202259,9520059.20015939,89.2337265014648
420119.741375396,9528681.16390333,113.931884765625
427686.981112691,9554937.45233744,47.9470634460449
449873.696083398,9565976.55620613,39.236198425293
471545.406812928,9556208.31982571,37.015064239502
419820.706654713,9530674.68153199,124.207344055176
472268.07405458,9541713.78540068,58.2687911987305
457067.142419839,9561001.06845794,51.1058158874512
452614.847689663,9554763.01954493,58.1854972839355
414595.905562772,9522974.7196913,129.443908691406
469302.646407803,9541838.38025247,70.9868927001953
479635.957311419,9550153.01002866,39.0982704162598
471238.065572226,9540941.29731957,60.541431427002
462914.932513204,9577788.14815593,32.038875579834
459409.581065192,9564780.44562894,36.7830848693848
440628.539302269,9557703.4580472,48.6943206787109
446916.57495664,9568476.75956541,40.1316375732422
461112.417669084,9534238.09429321,60.8813896179199
475972.781983047,9576891.06522303,25.6674041748047
456801.333779231,9587946.78173863,22.4669380187988
421614.914978813,9530317.50962352,115.551734924316
434323.89060786,9530824.19535414,83.800666809082
407884.237387432,9511902.39052879,117.185104370117
453403.967091466,9532992.1457753,57.909423828125
414629.131642848,9530832.50167759,84.7494201660156
478174.009788078,9546456.69609219,53.967887878418
449225.787521917,9560461.15743351,44.524055480957
472292.993614637,9557196.77231658,37.563533782959
464077.845315861,9558401.18921723,42.0219879150391
465066.32119812,9559032.46979964,40.3733100891113
447373.433557684,9542677.3189212,71.8984603881836
422470.486540769,9524062.8480636,97.6653289794922
463014.610753431,9582232.03120314,25.9275531768799
474436.075779535,9574374.24921685,36.2793884277344
440761.443622572,9531546.84549453,72.9019241333008
425809.707588401,9529229.38125121,123.57511138916
426432.696589824,9512633.34699264,121.789123535156
466478.429601348,9581310.02929989,26.2529449462891
439108.446138794,9547087.9766746,55.3572425842285
452839.123730176,9580030.85548817,35.6426658630371
453329.208411296,9581052.53327285,39.1091117858887
438502.070177409,9531629.90872905,65.8798904418945
467084.805562734,9535824.60207268,65.8762588500977
420352.323935928,9529461.95830789,122.457244873047
461519.437150014,9594242.9749158,25.1074199676514
414089.207841614,9520474.51633202,141.487426757812
448893.526721158,9559397.94803156,41.8269920349121
439357.641739364,9531413.94431928,73.2306289672852
464094.458355899,9571749.45100578,32.185962677002
467101.418602772,9563742.15519734,49.8155899047852
442206.778105876,9546340.40756385,53.9916687011719
464376.880036545,9581509.38106275,25.9643898010254
477659.005546901,9550335.74914462,60.730094909668
434523.247088315,9529071.56110561,65.8093109130859
469526.922448315,9571010.18821849,47.5808334350586
464194.136596127,9569996.81675726,34.2557525634766
470307.7353301,9553799.48602441,41.2406959533691
481986.702476792,9563791.99313806,29.2669067382812
445712.129553887,9541124.03643553,77.2086181640625
478315.220628401,9582531.05884744,23.7218952178955
466486.736121367,9588187.66511876,25.1744213104248
457764.890101433,9589674.4970168,15.741283416748
465539.792839203,9546979.99446972,48.0796203613281
459085.626784452,9575096.89935724,32.1091194152832
441558.869544395,9555884.37321105,41.4879302978516
410342.967313052,9515881.11946266,168.312759399414
431499.673801405,9523240.52204178,101.190063476562
421374.025898263,9531347.49373166,109.287757873535
462973.078153336,9586966.6355712,25.8533306121826
474037.362818624,9553018.69161986,50.4167366027832
439532.078659763,9551249.44472443,50.8860206604004
482144.526357152,9553251.26867653,43.6136665344238
469717.972408752,9549114.71959707,40.7846527099609
464468.251756754,9572023.55967973,35.5060920715332
457175.127180085,9562894.91020517,43.2558898925781
470257.896209986,9556980.80790681,36.4561653137207
459044.094184357,9588985.07217022,26.5022239685059
457673.518381224,9585363.51514482,43.298770904541
443602.273469065,9561424.69095403,42.8413429260254
446733.831516222,9528423.66787629,63.9475746154785
430477.97183907,9517816.49282714,109.645095825195
444856.557991932,9559638.83141169,45.1685981750488
447132.544477133,9561424.69095403,41.9509544372559
433759.047246568,9533199.80386162,83.4242324829101
425734.94890823,9533822.77812058,92.1028289794922
425585.431547888,9521894.89764244,81.0105667114258
433069.606084993,9551166.3814899,72.9340744018555
427080.605151305,9541273.55025768,81.6339645385742
481164.356994912,9554032.06308109,42.8466529846191
453636.549651998,9537768.28176062,55.590015411377
444648.894991457,9561582.51109963,42.5563278198242
469817.65064898,9571691.30674162,36.7633247375488
432828.717004442,9532925.69518768,91.5184173583984
416747.294247689,9519419.61325352,135.16862487793
426499.148749976,9524071.15438706,88.720100402832
467010.046882563,9563600.94769865,54.0128135681152
439050.300498662,9543939.88008601,58.781421661377
461976.295751058,9563775.38049115,55.4051628112793
459741.841865952,9565768.89811981,35.319953918457
467101.418602772,9545410.09933715,43.4664573669434
461768.632750584,9546456.69609219,47.9261360168457
435370.512130252,9532992.1457753,89.5546798706055
460863.222068515,9565453.25782861,38.6354598999023
414238.725201955,9526106.20363298,105.533103942871
429738.69155738,9546647.7415316,58.6325378417969
428027.548433469,9530350.73491733,83.1188735961914
472035.491494048,9545393.48669024,64.7746963500977
444640.588471438,9543532.87023683,51.4373054504394
479619.344271381,9585064.48750053,30.5857410430908
448984.898441367,9542710.54421501,74.8865203857422
437787.709455776,9544787.12507819,63.8337478637695
456469.072978472,9554048.675728,77.3773498535156
459550.791905515,9564946.57209799,36.822193145752
432047.904122658,9529810.8238929,74.3151473999023
470764.593931144,9577156.86757352,27.8086490631104
449508.209202563,9573734.66231099,44.5798835754394
425784.788028344,9543333.51847396,77.6222076416016
428401.341834324,9547378.69799545,70.5864028930664
463554.534554665,9534346.0764981,82.5757904052734
443203.560508154,9530857.42064795,69.6040573120117
474294.864939212,9556764.84349704,36.7707214355469
454375.829933688,9533880.92238474,56.6273078918457
476886.499185135,9546564.67829708,48.8598899841309
430245.389278538,9534736.47370038,86.8673934936523
456801.333779231,9555444.13806806,67.9937973022461
464609.462597076,9564606.01283643,53.6984977722168
430768.700039734,9528681.16390333,83.2911071777344
463064.449873545,9586850.34704287,25.6599769592285
446742.138036241,9529511.79624861,65.1684875488281
470050.233209511,9530907.25858866,79.9093246459961
416556.244287252,9524810.41717435,118.05778503418
483872.282521101,9554015.45043418,34.219295501709
473314.695576972,9564929.95945109,34.5018424987793
461519.437150014,9551697.98619087,42.447582244873
468986.998647081,9534861.06855217,91.1634521484375
414595.905562772,9530840.80800104,84.9520568847656
430178.937118386,9533457.29988865,85.2411041259766
451759.276127708,9532227.96401765,58.8708457946777
466785.77084205,9575246.41317939,27.584774017334
448087.794279317,9541140.64908244,74.7224578857422
473937.684578396,9538482.62557756,78.6872634887695
458570.622543275,9542112.48892641,51.7079925537109
470407.413570328,9566965.00869701,51.7726745605469
467757.633684271,9567903.62324717,45.0810699462891
459492.646265382,9581002.69533214,26.7359008789062
467583.196763873,9578419.42873834,25.7722969055176
448262.231199715,9548408.68210358,67.0733795166016
471346.050332473,9570877.28704325,45.4988136291504
465365.355918804,9577239.93080805,26.9286651611328
478448.124948704,9589142.89231582,26.4495220184326
449998.293883683,9566898.55810938,39.7956504821777
457939.327021832,9536771.5229463,54.0394821166992
427412.865952064,9536738.29765249,85.5083465576172
439291.189579212,9562213.79168204,42.3202857971191
482352.189357627,9553741.34176024,31.5714244842529
446833.50975645,9543474.72597266,59.5565032958984
420892.247737162,9520117.34442355,104.988204956055
474984.306100788,9567895.31692371,38.779167175293
470988.869971656,9563667.39828627,41.7879333496094
480250.639792824,9588179.35879531,25.5573348999023
460364.830867375,9533581.89474045,65.0019760131836
473439.293377257,9587406.8707142,43.2390251159668
465847.134079905,9533149.9659209,84.8093414306641
471827.828493574,9534063.6615007,86.6266326904297
460937.980748685,9544197.37611304,50.0235824584961
414720.503363056,9525126.05746556,104.669128417969
475208.5821413,9568136.20030384,30.6323261260986
427487.624632235,9551390.65222312,60.6055374145508
457058.83589982,9592216.23199334,13.525728225708
482659.530598329,9588403.62952853,15.173547744751
447099.318397057,9540476.14320622,79.4786834716797
451011.689325999,9554663.3436635,60.3727874755859
467475.212003626,9531297.65579094,80.7383728027344
429913.128477779,9527900.36949877,83.6428146362305
410035.626072349,9515158.46932227,162.587844848633
423915.821024072,9524561.22747077,89.519401550293
448062.87471926,9533257.94812579,62.8476943969727
486588.514567309,9558326.43230616,38.0487022399902
480449.99627328,9546872.01226483,56.2173080444336
419895.465334884,9510000.24245811,118.038047790527
478340.140188458,9591028.42773959,30.0572242736816
426715.11827047,9533365.93033067,96.9655303955078
461245.321989388,9539064.06821925,50.7586975097656
420792.569496934,9518746.80105385,96.6722259521485
471902.587173745,9553500.45838011,36.7784729003906
470482.172250498,9582522.75252399,27.2053775787354
456635.203378851,9538399.56234303,53.1945991516113
456842.866379326,9547303.94108437,50.4058418273926
463720.664955045,9553201.43073582,40.7625885009766
468488.607445942,9530467.02344567,93.2820129394531
430469.665319051,9528323.99199486,75.4879531860352
474294.864939212,9558824.81171332,36.4963836669922
468031.748844898,9559755.11994003,38.1778984069824
459476.033225344,9542253.69642511,52.3655776977539
478938.209629824,9581534.30003311,23.0160274505615
424156.710104623,9545941.70403812,63.8584060668945
477974.653307622,9564738.91401167,39.4919204711914
430162.324078348,9549903.82032508,70.6096038818359
449890.309123436,9539969.4574756,64.8625106811523
445280.1905129,9528407.05522939,67.0740509033203
453055.093250669,9559912.94008563,40.194019317627
473696.795497845,9570138.02425595,33.2444686889648
434174.373247518,9556307.99570714,49.9886703491211
462931.545553242,9562911.52285207,61.6425323486328
460207.006987015,9577896.13036081,29.6574993133545
455397.531896023,9545908.47874431,58.9635353088379
440470.715421908,9562604.18888432,41.9883270263672
433061.299564974,9542793.60744953,64.9445495605469
452747.752009967,9553276.18764689,48.624454498291
453570.097491846,9543333.51847396,60.9875831604004
435154.542609758,9554397.54131301,64.9870758056641
441317.980463844,9549903.82032508,62.2379570007324
443959.453829881,9548624.64651336,56.2897109985352
428368.115754248,9533457.29988865,103.957458496094
471869.361093669,9579191.91681944,35.1897277832031
466694.399121842,9557105.40275861,37.6924362182617
465805.60147981,9552154.83398077,45.5625610351562
449217.481001898,9544355.19625865,82.9902191162109
445014.381872292,9546016.4609492,52.2563972473144
478248.768468249,9573967.23936766,24.5231876373291
463297.032434077,9545443.32463096,47.0059280395508
465290.597238633,9534354.38282155,81.608642578125
446800.283676374,9548608.03386645,63.0231399536133
438593.441897618,9529603.16580658,74.7718200683594
437837.54857589,9546182.58741825,60.3419342041016
437654.805135472,9557695.15172375,44.6977958679199
432870.249604537,9556881.13202538,43.9803657531738
473048.886936364,9540459.53055931,64.6976852416992
435802.451171239,9522758.75528152,89.6571578979492
457889.487901718,9570337.37601882,36.2228736877441
466686.092601822,9584325.22471323,23.8976650238037
440861.1218628,9526862.07906718,72.9472808837891
440661.765382344,9548632.95283681,52.0078277587891
456037.133937485,9565818.73606053,46.394401550293
423076.862502155,9504792.17765325,151.06184387207
464775.592997456,9563252.08211363,45.8948860168457
426864.635630812,9534636.79781894,82.5926666259766
470772.900451163,9569631.33852534,46.1986999511719
451202.739286436,9532601.74857302,60.4468879699707
465024.788598026,9583112.50148913,27.0072402954102
434240.82540767,9542046.03833879,74.1391906738281
446418.183755501,9536289.75618604,72.9181213378906
415343.49236448,9518921.23384636,156.44548034668
464808.819077532,9551606.61663289,42.1219215393066
431466.447721329,9520449.59736166,85.9275817871094
422952.26470187,9523539.54968608,104.064147949219
441990.808585382,9525059.60687793,67.1210403442383
463297.032434077,9574050.30260219,31.2132892608643
435395.431690308,9526189.26686751,72.7867889404297
451335.643606739,9556731.61820323,53.2335510253906
472583.721815301,9552586.76280031,43.3734741210938
432712.425724177,9532161.51343003,76.6903381347656
425253.170747129,9549114.71959707,63.8813323974609
471038.70909177,9569780.85234749,44.0125694274902
435561.562090688,9532311.02725218,81.7638778686523
465207.532038443,9570877.28704325,32.7480316162109
426042.290148932,9513754.70065876,111.896926879883
470939.030851542,9555419.2190977,37.1601524353027
476562.544904395,9561258.56448497,33.8049240112305
462159.039191476,9559024.16347619,58.8334465026855
469676.439808657,9561840.00712666,51.421947479248
441243.221783673,9562670.63947194,42.5273056030273
466303.992680949,9576832.92095886,25.635046005249
470108.378849644,9539628.89821404,68.9182891845703
447423.272677798,9559148.75832798,44.6495742797852
424314.533984983,9515964.18269718,103.734214782715
456369.394738244,9536239.91824532,55.5585632324219
470357.574450214,9569307.39191068,43.8672409057617
478589.335789027,9554439.07293027,49.113597869873
428069.081033564,9550452.03767296,54.2203178405762
468339.0900856,9539014.23027854,74.6849822998047
454924.060254941,9571060.02615921,38.537052154541
464908.49731776,9531189.67358606,82.7463073730469
423027.023382041,9531895.71107954,107.043563842773
464999.869037969,9590488.51671517,19.0918388366699
426449.309629862,9514485.6571226,127.405029296875
470939.030851542,9574191.51010089,35.8762435913086
451510.080527138,9569498.43735009,36.1052322387695
458088.844382174,9555809.61629998,71.6125640869141
424439.131785268,9511628.28185485,121.558006286621
443652.112589179,9549638.01797459,56.6119232177734
438070.131136422,9536713.37868213,75.141731262207
461145.64374916,9587689.28571159,32.6973152160645
429472.882916773,9534902.60016943,86.444465637207
449383.611402278,9541090.81114172,63.1454887390137
469726.278928771,9573568.53584193,31.7187232971191
464725.753877342,9585803.75028782,25.1267223358154
448162.552959487,9558085.54892603,43.1229934692383
418184.322210973,9514510.57609295,98.5801467895508
438734.65273794,9536663.54074141,77.451530456543
490401.207256023,9560278.41831755,29.6502323150635
473414.3738172,9545592.8384531,58.2327499389648
457283.111940332,9593445.56786434,14.4776935577393
431258.784720854,9539828.2499769,75.7891082763672
477276.905626028,9566400.17870222,39.8139038085938
461270.241549445,9558093.85524948,62.2674102783203
447714.000878462,9551033.48031465,63.4594955444336
440420.876301794,9542328.45333618,61.0307807922363
479187.405230394,9561798.47550941,33.2365989685059
418524.889531751,9507641.24659754,118.411582946777
417943.433130422,9511644.89450176,106.531578063965
414820.181603284,9530957.09652938,87.6779174804688
472243.154494523,9571990.33438591,38.135814666748
477609.166426787,9572563.47070415,24.9583759307861
455463.984056175,9569315.69823413,34.8221969604492
457681.824901243,9541090.81114172,51.4491539001465
431707.336801879,9548109.65445929,61.1271820068359
451950.326088144,9574565.29465626,36.5362434387207
467142.951202867,9541996.20039807,74.7870025634766
454608.412494219,9571583.32453673,33.7628746032715
433734.127686512,9544978.1705176,53.9763717651367
428692.070034988,9519594.04604603,84.278938293457
449666.033082924,9556798.06879085,40.2556915283203
462117.506591381,9556972.50158336,53.3161964416504
454159.860413194,9531779.4225512,57.9449272155762
472600.334855339,9554007.14411073,41.6276054382324
458803.205103806,9569199.40970579,37.6512794494629
457200.046740142,9569847.3029351,33.2714157104492
471188.226452112,9567712.57780775,47.185604095459
417112.781128524,9518057.37620728,139.408081054688
474029.056298605,9544122.61920197,43.9208831787109
452099.843448486,9572355.81261783,35.1786079406738
460564.187347831,9583270.32163474,25.1245174407959
422727.988661357,9524611.06541148,90.1512985229492
423475.575463066,9528689.47022678,106.518493652344
440138.454621148,9530084.93256684,71.9767150878906
466802.383882088,9588669.43187902,23.3494434356689
443627.193029122,9541356.61349221,68.5582275390625
446517.861995728,9535284.69104826,67.5619049072266
478248.768468249,9556665.16761561,37.822624206543
422428.953940674,9531339.18740821,118.783897399902
475823.264622705,9561823.39447976,32.9650459289551
458080.537862155,9594309.42550343,14.3394632339478
445695.516513849,9535641.86295672,65.990234375
463305.338954096,9583918.21486405,28.7829055786133
418416.904771504,9531006.9344701,87.4521713256836
477285.212146046,9562031.05256608,34.722095489502
460713.704708173,9578743.37535299,29.2524490356445
462931.545553242,9568210.95721492,46.1754722595215
459467.726705325,9595007.15667346,37.1387786865234
462624.204312539,9557337.97981528,55.7473793029785
484378.980242259,9556266.46408988,38.4644508361816
458786.592063768,9564456.49901428,43.7901306152344
431100.960840494,9553841.01764168,57.1141967773438
439490.546059668,9539097.29351306,57.6715393066406
429730.385037361,9516171.8407835,99.9650344848633
467500.131563683,9532518.6853385,76.2015533447266
419505.058893991,9516570.54430923,87.9231033325195
470316.041850119,9542768.68847918,60.1009483337402
481347.10043533,9587323.80747967,18.3034172058105
421457.091098453,9518564.06193789,94.0065460205078
442696.862786996,9541223.71231696,57.2775192260742
476919.725265211,9565395.11356444,49.6167526245117
451244.271886531,9541506.12731436,66.3514556884766
455322.773215852,9549530.0357697,55.5034713745117
418857.150332511,9512575.20272846,103.91535949707
479777.168151742,9550601.55149511,52.3200645446777
458844.737703901,9553965.61249347,60.0078659057617
473256.549936839,9542486.27348178,65.1060409545898
458338.039982743,9569348.92352794,36.4657783508301
425419.301147508,9525126.05746556,89.9321823120117
467956.990164727,9560909.69889996,63.3424987792969
483432.036960095,9563393.28961233,29.1618118286133
427279.961631761,9529378.89507336,91.9290084838867
445296.803552938,9531231.20520332,64.7768936157227
447207.303157304,9533606.8137108,65.0304870605469
434730.91008879,9533440.68724175,97.3887329101562
415119.216323968,9524204.0555623,118.901954650879
426191.807509274,9525757.33804796,86.078483581543
458761.672503711,9539354.7895401,53.440803527832
449350.385322202,9547187.65255603,71.434814453125
457208.353260161,9575030.44876962,31.0344753265381
443893.00166973,9551216.21943061,50.1430015563965
469394.018128011,9566184.21429245,53.2373313903809
427819.885432995,9539437.85277463,82.3351974487305
